{"entities":{"pages":{"Learn-DBMS":{"id":"Learn-DBMS","title":"Sistemas de Gerenciamento de Banco de Dados (DBMS)","url":"learn-dbms.html","level":0,"tabIndex":0},"dihu8c_3":{"id":"dihu8c_3","title":"Domus NoSQL","level":0,"pages":["Mongo"],"tabIndex":1},"Mongo":{"id":"Mongo","title":"MongoDB","url":"mongo.html","level":1,"parentId":"dihu8c_3","pages":["dihu8c_5"],"tabIndex":0},"dihu8c_5":{"id":"dihu8c_5","title":"Sectio CRUD no shell","level":2,"parentId":"Mongo","pages":["Atividade-1","Atividade-2","3","4","5","6","7","Refêrencias","Conclusão"],"tabIndex":0},"Atividade-1":{"id":"Atividade-1","title":"Operações CRUD no MongoDB","url":"atividade-1.html","level":3,"parentId":"dihu8c_5","tabIndex":0},"Atividade-2":{"id":"Atividade-2","title":"2. CREATE - Criar Banco, Coleção e Documentos","url":"atividade-2.html","level":3,"parentId":"dihu8c_5","tabIndex":1},"3":{"id":"3","title":"3. READ - Consultar Dados (FIND)","url":"3.html","level":3,"parentId":"dihu8c_5","tabIndex":2},"4":{"id":"4","title":"4. UPDATE - Atualizar Documentos","url":"4.html","level":3,"parentId":"dihu8c_5","tabIndex":3},"5":{"id":"5","title":"5. DELETE - Remover Documentos","url":"5.html","level":3,"parentId":"dihu8c_5","tabIndex":4},"6":{"id":"6","title":"6. INDEX - Criar Índices para Melhorar Consultas","url":"6.html","level":3,"parentId":"dihu8c_5","tabIndex":5},"7":{"id":"7","title":"7. AGREGAÇÕES - Processamento de Dados","url":"7.html","level":3,"parentId":"dihu8c_5","tabIndex":6},"Refêrencias":{"id":"Refêrencias","title":"Refêrencias","url":"refêrencias.html","level":3,"parentId":"dihu8c_5","tabIndex":7},"Conclusão":{"id":"Conclusão","title":"Conclusão","url":"conclusão.html","level":3,"parentId":"dihu8c_5","tabIndex":8}}},"topLevelIds":["Learn-DBMS","dihu8c_3"]}