{"entities":{"pages":{"welcome":{"id":"welcome","title":"Welcome to DBMS.MATRIX","url":"welcome.html","level":0,"pages":["about-course","meet-the-team","survival-guide"],"tabIndex":0},"about-course":{"id":"about-course","title":"Sobre o Curso DBMS.MATRIX","url":"about-course.html","level":1,"parentId":"welcome","tabIndex":0},"meet-the-team":{"id":"meet-the-team","title":"Conheça a Equipe DBMS.GUIDES","url":"meet-the-team.html","level":1,"parentId":"welcome","tabIndex":1},"survival-guide":{"id":"survival-guide","title":"Guia de Sobrevivência DBMS.MATRIX","url":"survival-guide.html","level":1,"parentId":"welcome","tabIndex":2},"data-architecture":{"id":"data-architecture","title":"Arquitetura de Sistemas de Dados","url":"data-architecture.html","level":0,"pages":["storage-structures","memory-hierarchy"],"tabIndex":1},"storage-structures":{"id":"storage-structures","title":"Estruturas de Armazenamento","url":"storage-structures.html","level":1,"parentId":"data-architecture","pages":["disk-organization","buffer-management","indexing-mechanisms"],"tabIndex":0},"disk-organization":{"id":"disk-organization","title":"Organização em Disco","url":"disk-organization.html","level":2,"parentId":"storage-structures","tabIndex":0},"buffer-management":{"id":"buffer-management","title":"Gerenciamento de Buffer","url":"buffer-management.html","level":2,"parentId":"storage-structures","tabIndex":1},"indexing-mechanisms":{"id":"indexing-mechanisms","title":"Mecanismos de Indexação","url":"indexing-mechanisms.html","level":2,"parentId":"storage-structures","pages":["b-trees-implementation","hash-structures","bitmap-indexes"],"tabIndex":2},"b-trees-implementation":{"id":"b-trees-implementation","title":"Implementação de Árvores B","url":"b-trees-implementation.html","level":3,"parentId":"indexing-mechanisms","tabIndex":0},"hash-structures":{"id":"hash-structures","title":"Estruturas Hash","url":"hash-structures.html","level":3,"parentId":"indexing-mechanisms","tabIndex":1},"bitmap-indexes":{"id":"bitmap-indexes","title":"Índices Bitmap","url":"bitmap-indexes.html","level":3,"parentId":"indexing-mechanisms","tabIndex":2},"memory-hierarchy":{"id":"memory-hierarchy","title":"Hierarquia de Memória","url":"memory-hierarchy.html","level":1,"parentId":"data-architecture","pages":["cache-systems","virtual-memory","storage-hierarchy"],"tabIndex":1},"cache-systems":{"id":"cache-systems","title":"Sistemas de Cache","url":"cache-systems.html","level":2,"parentId":"memory-hierarchy","tabIndex":0},"virtual-memory":{"id":"virtual-memory","title":"Memória Virtual","url":"virtual-memory.html","level":2,"parentId":"memory-hierarchy","tabIndex":1},"storage-hierarchy":{"id":"storage-hierarchy","title":"Hierarquia de Armazenamento","url":"storage-hierarchy.html","level":2,"parentId":"memory-hierarchy","tabIndex":2},"data-modeling":{"id":"data-modeling","title":"Modelagem de Dados","url":"data-modeling.html","level":0,"pages":["conceptual-modeling","logical-modeling","physical-modeling","dimensional-modeling","data-modeling-patterns"],"tabIndex":2},"conceptual-modeling":{"id":"conceptual-modeling","title":"Modelagem Conceitual","url":"conceptual-modeling.html","level":1,"parentId":"data-modeling","pages":["entity-relationship","enhanced-er","uml-class-diagrams"],"tabIndex":0},"entity-relationship":{"id":"entity-relationship","title":"Diagramas Entidade-Relacionamento (ER)","url":"entity-relationship.html","level":2,"parentId":"conceptual-modeling","pages":["er-concepts","er-constraints","er-notation","er-design","er-mapping","er-tools"],"tabIndex":0},"er-concepts":{"id":"er-concepts","title":"Conceitos Fundamentais do Modelo ER","url":"er-concepts.html","level":3,"parentId":"entity-relationship","pages":["entities","relationships","attributes","cardinality"],"tabIndex":0},"entities":{"id":"entities","title":"Entidades","url":"entities.html","level":4,"parentId":"er-concepts","tabIndex":0},"relationships":{"id":"relationships","title":"Relacionamentos","url":"relationships.html","level":4,"parentId":"er-concepts","tabIndex":1},"attributes":{"id":"attributes","title":"Atributos","url":"attributes.html","level":4,"parentId":"er-concepts","tabIndex":2},"cardinality":{"id":"cardinality","title":"Cardinalidade","url":"cardinality.html","level":4,"parentId":"er-concepts","tabIndex":3},"er-constraints":{"id":"er-constraints","title":"Restrições no Modelo ER","url":"er-constraints.html","level":3,"parentId":"entity-relationship","pages":["key-constraints","participation-constraints","overlap-constraints"],"tabIndex":1},"key-constraints":{"id":"key-constraints","title":"Restrições de Chave","url":"key-constraints.html","level":4,"parentId":"er-constraints","tabIndex":0},"participation-constraints":{"id":"participation-constraints","title":"Restrições de Participação","url":"participation-constraints.html","level":4,"parentId":"er-constraints","tabIndex":1},"overlap-constraints":{"id":"overlap-constraints","title":"Restrições de Sobreposição","url":"overlap-constraints.html","level":4,"parentId":"er-constraints","tabIndex":2},"er-notation":{"id":"er-notation","title":"Notações do Modelo ER","url":"er-notation.html","level":3,"parentId":"entity-relationship","pages":["chen-notation","crows-foot-notation","min-max-notation"],"tabIndex":2},"chen-notation":{"id":"chen-notation","title":"Notação de Chen","url":"chen-notation.html","level":4,"parentId":"er-notation","tabIndex":0},"crows-foot-notation":{"id":"crows-foot-notation","title":"Notação Pé de Galinha (Crow\u0027s Foot)","url":"crows-foot-notation.html","level":4,"parentId":"er-notation","tabIndex":1},"min-max-notation":{"id":"min-max-notation","title":"Notação Min-Max","url":"min-max-notation.html","level":4,"parentId":"er-notation","tabIndex":2},"er-design":{"id":"er-design","title":"Design de Modelos Entidade-Relacionamento","url":"er-design.html","level":3,"parentId":"entity-relationship","pages":["design-principles","common-patterns","anti-patterns"],"tabIndex":3},"design-principles":{"id":"design-principles","title":"Princípios de Design ER","url":"design-principles.html","level":4,"parentId":"er-design","tabIndex":0},"common-patterns":{"id":"common-patterns","title":"Padrões Comuns em Modelagem ER","url":"common-patterns.html","level":4,"parentId":"er-design","tabIndex":1},"anti-patterns":{"id":"anti-patterns","title":"Anti-Padrões em Modelagem ER","url":"anti-patterns.html","level":4,"parentId":"er-design","tabIndex":2},"er-mapping":{"id":"er-mapping","title":"Mapeamento do Modelo ER","url":"er-mapping.html","level":3,"parentId":"entity-relationship","pages":["mapping-entities","mapping-relationships","mapping-inheritance"],"tabIndex":4},"mapping-entities":{"id":"mapping-entities","title":"Mapeamento de Entidades","url":"mapping-entities.html","level":4,"parentId":"er-mapping","tabIndex":0},"mapping-relationships":{"id":"mapping-relationships","title":"Mapeamento do Modelo ER","url":"mapping-relationships.html","level":4,"parentId":"er-mapping","tabIndex":1},"mapping-inheritance":{"id":"mapping-inheritance","title":"Mapeamento de Herança","url":"mapping-inheritance.html","level":4,"parentId":"er-mapping","tabIndex":2},"er-tools":{"id":"er-tools","title":"Ferramentas para Modelagem ER","url":"er-tools.html","level":3,"parentId":"entity-relationship","pages":["drawing-tools","case-tools","code-generators"],"tabIndex":5},"drawing-tools":{"id":"drawing-tools","title":"Ferramentas de Desenho","url":"drawing-tools.html","level":4,"parentId":"er-tools","tabIndex":0},"case-tools":{"id":"case-tools","title":"Ferramentas CASE","url":"case-tools.html","level":4,"parentId":"er-tools","tabIndex":1},"code-generators":{"id":"code-generators","title":"Geradores de Código","url":"code-generators.html","level":4,"parentId":"er-tools","tabIndex":2},"enhanced-er":{"id":"enhanced-er","title":"Modelo ER Estendido (EER)","url":"enhanced-er.html","level":2,"parentId":"conceptual-modeling","tabIndex":1},"uml-class-diagrams":{"id":"uml-class-diagrams","title":"Diagramas de Classe UML","url":"uml-class-diagrams.html","level":2,"parentId":"conceptual-modeling","tabIndex":2},"logical-modeling":{"id":"logical-modeling","title":"Modelagem Lógica","url":"logical-modeling.html","level":1,"parentId":"data-modeling","pages":["relational-model","normalization","complete-learn-desnormalization"],"tabIndex":1},"relational-model":{"id":"relational-model","title":"Modelo Relacional","url":"relational-model.html","level":2,"parentId":"logical-modeling","pages":["relational-concepts","er-to-relational","relational-design"],"tabIndex":0},"relational-concepts":{"id":"relational-concepts","title":"Conceitos do Modelo Relacional","url":"relational-concepts.html","level":3,"parentId":"relational-model","pages":["relations-tuples","attributes-domains","keys-constraints","referential-integrity"],"tabIndex":0},"relations-tuples":{"id":"relations-tuples","title":"Relações e Tuplas","url":"relations-tuples.html","level":4,"parentId":"relational-concepts","tabIndex":0},"attributes-domains":{"id":"attributes-domains","title":"Atributos e Domínios","url":"attributes-domains.html","level":4,"parentId":"relational-concepts","tabIndex":1},"keys-constraints":{"id":"keys-constraints","title":"Restrições de Chave","url":"keys-constraints.html","level":4,"parentId":"relational-concepts","tabIndex":2},"referential-integrity":{"id":"referential-integrity","title":"Integridade Referencial","url":"referential-integrity.html","level":4,"parentId":"relational-concepts","tabIndex":3},"er-to-relational":{"id":"er-to-relational","title":"Transformação ER para Relacional","url":"er-to-relational.html","level":3,"parentId":"relational-model","pages":["er-mapping-entities","er-mapping-relationships","er-mapping-attributes","er-mapping-inheritance","er-mapping-constraints"],"tabIndex":1},"er-mapping-entities":{"id":"er-mapping-entities","title":"Mapeamento de Entidades ER para Relacional","url":"er-mapping-entities.html","level":4,"parentId":"er-to-relational","tabIndex":0},"er-mapping-relationships":{"id":"er-mapping-relationships","title":"Mapeamento de Relacionamentos ER para Relacional","url":"er-mapping-relationships.html","level":4,"parentId":"er-to-relational","tabIndex":1},"er-mapping-attributes":{"id":"er-mapping-attributes","title":"Mapeamento de Atributos ER para Relacional","url":"er-mapping-attributes.html","level":4,"parentId":"er-to-relational","tabIndex":2},"er-mapping-inheritance":{"id":"er-mapping-inheritance","title":"Mapeamento de Herança ER para Relacional","url":"er-mapping-inheritance.html","level":4,"parentId":"er-to-relational","tabIndex":3},"er-mapping-constraints":{"id":"er-mapping-constraints","title":"Mapeamento de Restrições ER para Relacional","url":"er-mapping-constraints.html","level":4,"parentId":"er-to-relational","tabIndex":4},"relational-design":{"id":"relational-design","title":"Design Relacional","url":"relational-design.html","level":3,"parentId":"relational-model","pages":["schema-design","normal-forms","desnormalization","performance-optimization"],"tabIndex":2},"schema-design":{"id":"schema-design","title":"Design de Schema","url":"schema-design.html","level":4,"parentId":"relational-design","tabIndex":0},"normal-forms":{"id":"normal-forms","title":"Formas Normais","url":"normal-forms.html","level":4,"parentId":"relational-design","tabIndex":1},"desnormalization":{"id":"desnormalization","title":"Intro Desnormalização","url":"desnormalization.html","level":4,"parentId":"relational-design","tabIndex":2},"performance-optimization":{"id":"performance-optimization","title":"Otimização de Performance em Bancos de Dados","url":"performance-optimization.html","level":4,"parentId":"relational-design","tabIndex":3},"normalization":{"id":"normalization","title":"Normalização de Bancos de Dados","url":"normalization.html","level":2,"parentId":"logical-modeling","pages":["first-normal-form","second-normal-form","third-normal-form","bcnf","fourth-normal-form","fifth-normal-form"],"tabIndex":1},"first-normal-form":{"id":"first-normal-form","title":"Primeira Forma Normal (1FN)","url":"first-normal-form.html","level":3,"parentId":"normalization","tabIndex":0},"second-normal-form":{"id":"second-normal-form","title":"Segunda Forma Normal (2FN)","url":"second-normal-form.html","level":3,"parentId":"normalization","tabIndex":1},"third-normal-form":{"id":"third-normal-form","level":3,"parentId":"normalization","tabIndex":2},"bcnf":{"id":"bcnf","level":3,"parentId":"normalization","tabIndex":3},"fourth-normal-form":{"id":"fourth-normal-form","level":3,"parentId":"normalization","tabIndex":4},"fifth-normal-form":{"id":"fifth-normal-form","level":3,"parentId":"normalization","tabIndex":5},"complete-learn-desnormalization":{"id":"complete-learn-desnormalization","level":2,"parentId":"logical-modeling","tabIndex":2},"physical-modeling":{"id":"physical-modeling","level":1,"parentId":"data-modeling","pages":["storage-design","index-design","partition-design"],"tabIndex":2},"storage-design":{"id":"storage-design","level":2,"parentId":"physical-modeling","tabIndex":0},"index-design":{"id":"index-design","level":2,"parentId":"physical-modeling","tabIndex":1},"partition-design":{"id":"partition-design","level":2,"parentId":"physical-modeling","tabIndex":2},"dimensional-modeling":{"id":"dimensional-modeling","level":1,"parentId":"data-modeling","pages":["star-schema","snowflake-schema","fact-tables","dimension-tables"],"tabIndex":3},"star-schema":{"id":"star-schema","level":2,"parentId":"dimensional-modeling","tabIndex":0},"snowflake-schema":{"id":"snowflake-schema","level":2,"parentId":"dimensional-modeling","tabIndex":1},"fact-tables":{"id":"fact-tables","level":2,"parentId":"dimensional-modeling","tabIndex":2},"dimension-tables":{"id":"dimension-tables","level":2,"parentId":"dimensional-modeling","tabIndex":3},"data-modeling-patterns":{"id":"data-modeling-patterns","level":1,"parentId":"data-modeling","pages":["inheritance-patterns","association-patterns","temporal-patterns","audit-patterns"],"tabIndex":4},"inheritance-patterns":{"id":"inheritance-patterns","level":2,"parentId":"data-modeling-patterns","tabIndex":0},"association-patterns":{"id":"association-patterns","level":2,"parentId":"data-modeling-patterns","tabIndex":1},"temporal-patterns":{"id":"temporal-patterns","level":2,"parentId":"data-modeling-patterns","tabIndex":2},"audit-patterns":{"id":"audit-patterns","level":2,"parentId":"data-modeling-patterns","tabIndex":3},"sql-fundamentals":{"id":"sql-fundamentals","level":0,"pages":["sql-ddl"],"tabIndex":3},"sql-ddl":{"id":"sql-ddl","level":1,"parentId":"sql-fundamentals","pages":["create-statements","alter-statements","drop-statements","truncate-statements"],"tabIndex":0},"create-statements":{"id":"create-statements","level":2,"parentId":"sql-ddl","tabIndex":0},"alter-statements":{"id":"alter-statements","level":2,"parentId":"sql-ddl","tabIndex":1},"drop-statements":{"id":"drop-statements","level":2,"parentId":"sql-ddl","tabIndex":2},"truncate-statements":{"id":"truncate-statements","level":2,"parentId":"sql-ddl","tabIndex":3}}},"topLevelIds":["welcome","data-architecture","data-modeling","sql-fundamentals"]}