{"entities":{"pages":{"welcome":{"id":"welcome","title":"Welcome to DBMS.MATRIX","url":"welcome.html","level":0,"pages":["about-course","meet-the-team","survival-guide"],"tabIndex":0},"about-course":{"id":"about-course","title":"Sobre o Curso DBMS.MATRIX","url":"about-course.html","level":1,"parentId":"welcome","tabIndex":0},"meet-the-team":{"id":"meet-the-team","title":"Conheça a Equipe DBMS.GUIDES","url":"meet-the-team.html","level":1,"parentId":"welcome","tabIndex":1},"survival-guide":{"id":"survival-guide","title":"Guia de Sobrevivência DBMS.MATRIX","url":"survival-guide.html","level":1,"parentId":"welcome","tabIndex":2},"theoretical-foundations":{"id":"theoretical-foundations","title":"Fundamentos Teóricos","url":"theoretical-foundations.html","level":0,"pages":["mathematical-foundations","computational-theory"],"tabIndex":1},"mathematical-foundations":{"id":"mathematical-foundations","title":"Fundamentos Matemáticos","url":"mathematical-foundations.html","level":1,"parentId":"theoretical-foundations","pages":["set-theory","predicate-logic","relational-algebra","tuple-calculus"],"tabIndex":0},"set-theory":{"id":"set-theory","title":"Teoria dos Conjuntos","url":"set-theory.html","level":2,"parentId":"mathematical-foundations","tabIndex":0},"predicate-logic":{"id":"predicate-logic","title":"Lógica de Predicados","url":"predicate-logic.html","level":2,"parentId":"mathematical-foundations","tabIndex":1},"relational-algebra":{"id":"relational-algebra","title":"Álgebra Relacional","url":"relational-algebra.html","level":2,"parentId":"mathematical-foundations","tabIndex":2},"tuple-calculus":{"id":"tuple-calculus","title":"Cálculo de Tuplas:","url":"tuple-calculus.html","level":2,"parentId":"mathematical-foundations","tabIndex":3},"computational-theory":{"id":"computational-theory","level":1,"parentId":"theoretical-foundations","pages":["complexity-analysis","computational-models","automata-theory"],"tabIndex":1},"complexity-analysis":{"id":"complexity-analysis","level":2,"parentId":"computational-theory","tabIndex":0},"computational-models":{"id":"computational-models","level":2,"parentId":"computational-theory","tabIndex":1},"automata-theory":{"id":"automata-theory","level":2,"parentId":"computational-theory","tabIndex":2},"data-architecture":{"id":"data-architecture","level":0,"pages":["storage-structures","memory-hierarchy"],"tabIndex":2},"storage-structures":{"id":"storage-structures","level":1,"parentId":"data-architecture","pages":["disk-organization","buffer-management","indexing-mechanisms"],"tabIndex":0},"disk-organization":{"id":"disk-organization","level":2,"parentId":"storage-structures","tabIndex":0},"buffer-management":{"id":"buffer-management","level":2,"parentId":"storage-structures","tabIndex":1},"indexing-mechanisms":{"id":"indexing-mechanisms","level":2,"parentId":"storage-structures","pages":["b-trees-implementation","hash-structures","bitmap-indexes"],"tabIndex":2},"b-trees-implementation":{"id":"b-trees-implementation","level":3,"parentId":"indexing-mechanisms","tabIndex":0},"hash-structures":{"id":"hash-structures","level":3,"parentId":"indexing-mechanisms","tabIndex":1},"bitmap-indexes":{"id":"bitmap-indexes","level":3,"parentId":"indexing-mechanisms","tabIndex":2},"memory-hierarchy":{"id":"memory-hierarchy","level":1,"parentId":"data-architecture","pages":["cache-systems","virtual-memory","storage-hierarchy"],"tabIndex":1},"cache-systems":{"id":"cache-systems","level":2,"parentId":"memory-hierarchy","tabIndex":0},"virtual-memory":{"id":"virtual-memory","level":2,"parentId":"memory-hierarchy","tabIndex":1},"storage-hierarchy":{"id":"storage-hierarchy","level":2,"parentId":"memory-hierarchy","tabIndex":2}}},"topLevelIds":["welcome","theoretical-foundations","data-architecture"]}