{"entities":{"pages":{"welcome":{"id":"welcome","title":"Welcome to DBMS.MATRIX","url":"welcome.html","level":0,"pages":["about-course","meet-the-team","survival-guide"],"tabIndex":0},"about-course":{"id":"about-course","title":"Sobre o Curso DBMS.MATRIX","url":"about-course.html","level":1,"parentId":"welcome","tabIndex":0},"meet-the-team":{"id":"meet-the-team","title":"Conheça a Equipe DBMS.GUIDES","url":"meet-the-team.html","level":1,"parentId":"welcome","tabIndex":1},"survival-guide":{"id":"survival-guide","title":"Guia de Sobrevivência DBMS.MATRIX","url":"survival-guide.html","level":1,"parentId":"welcome","tabIndex":2},"theoretical-foundations":{"id":"theoretical-foundations","title":"Fundamentos Teóricos","url":"theoretical-foundations.html","level":0,"pages":["mathematical-foundations","computational-theory"],"tabIndex":1},"mathematical-foundations":{"id":"mathematical-foundations","title":"Fundamentos Matemáticos","url":"mathematical-foundations.html","level":1,"parentId":"theoretical-foundations","pages":["set-theory","predicate-logic","relational-algebra","tuple-calculus"],"tabIndex":0},"set-theory":{"id":"set-theory","title":"Teoria dos Conjuntos","url":"set-theory.html","level":2,"parentId":"mathematical-foundations","tabIndex":0},"predicate-logic":{"id":"predicate-logic","title":"Lógica de Predicados","url":"predicate-logic.html","level":2,"parentId":"mathematical-foundations","tabIndex":1},"relational-algebra":{"id":"relational-algebra","title":"Álgebra Relacional","url":"relational-algebra.html","level":2,"parentId":"mathematical-foundations","tabIndex":2},"tuple-calculus":{"id":"tuple-calculus","title":"Cálculo de Tuplas:","url":"tuple-calculus.html","level":2,"parentId":"mathematical-foundations","tabIndex":3},"computational-theory":{"id":"computational-theory","title":"TEORIA DA COMPUTAÇÃO","url":"computational-theory.html","level":1,"parentId":"theoretical-foundations","pages":["complexity-analysis","computational-models","automata-theory"],"tabIndex":1},"complexity-analysis":{"id":"complexity-analysis","title":"Análise de Complexidade Computacional","url":"complexity-analysis.html","level":2,"parentId":"computational-theory","tabIndex":0},"computational-models":{"id":"computational-models","title":"Modelos Computacionais","url":"computational-models.html","level":2,"parentId":"computational-theory","tabIndex":1},"automata-theory":{"id":"automata-theory","title":"Teoria dos Autômatos","url":"automata-theory.html","level":2,"parentId":"computational-theory","tabIndex":2},"data-architecture":{"id":"data-architecture","title":"Arquitetura de Sistemas de Dados","url":"data-architecture.html","level":0,"pages":["storage-structures","memory-hierarchy"],"tabIndex":2},"storage-structures":{"id":"storage-structures","title":"Estruturas de Armazenamento","url":"storage-structures.html","level":1,"parentId":"data-architecture","pages":["disk-organization","buffer-management","indexing-mechanisms"],"tabIndex":0},"disk-organization":{"id":"disk-organization","title":"Organização em Disco","url":"disk-organization.html","level":2,"parentId":"storage-structures","tabIndex":0},"buffer-management":{"id":"buffer-management","title":"Gerenciamento de Buffer","url":"buffer-management.html","level":2,"parentId":"storage-structures","tabIndex":1},"indexing-mechanisms":{"id":"indexing-mechanisms","title":"Mecanismos de Indexação","url":"indexing-mechanisms.html","level":2,"parentId":"storage-structures","pages":["b-trees-implementation","hash-structures","bitmap-indexes"],"tabIndex":2},"b-trees-implementation":{"id":"b-trees-implementation","title":"Implementação de Árvores B","url":"b-trees-implementation.html","level":3,"parentId":"indexing-mechanisms","tabIndex":0},"hash-structures":{"id":"hash-structures","title":"Estruturas Hash","url":"hash-structures.html","level":3,"parentId":"indexing-mechanisms","tabIndex":1},"bitmap-indexes":{"id":"bitmap-indexes","title":"Índices Bitmap","url":"bitmap-indexes.html","level":3,"parentId":"indexing-mechanisms","tabIndex":2},"memory-hierarchy":{"id":"memory-hierarchy","title":"Hierarquia de Memória","url":"memory-hierarchy.html","level":1,"parentId":"data-architecture","pages":["cache-systems","virtual-memory","storage-hierarchy"],"tabIndex":1},"cache-systems":{"id":"cache-systems","title":"Sistemas de Cache","url":"cache-systems.html","level":2,"parentId":"memory-hierarchy","tabIndex":0},"virtual-memory":{"id":"virtual-memory","title":"Memória Virtual","url":"virtual-memory.html","level":2,"parentId":"memory-hierarchy","tabIndex":1},"storage-hierarchy":{"id":"storage-hierarchy","title":"Hierarquia de Armazenamento","url":"storage-hierarchy.html","level":2,"parentId":"memory-hierarchy","tabIndex":2},"data-modeling":{"id":"data-modeling","level":0,"pages":["conceptual-modeling","logical-modeling","physical-modeling","dimensional-modeling","data-modeling-patterns"],"tabIndex":3},"conceptual-modeling":{"id":"conceptual-modeling","level":1,"parentId":"data-modeling","pages":["entity-relationship","enhanced-er","uml-class-diagrams"],"tabIndex":0},"entity-relationship":{"id":"entity-relationship","level":2,"parentId":"conceptual-modeling","tabIndex":0},"enhanced-er":{"id":"enhanced-er","level":2,"parentId":"conceptual-modeling","tabIndex":1},"uml-class-diagrams":{"id":"uml-class-diagrams","level":2,"parentId":"conceptual-modeling","tabIndex":2},"logical-modeling":{"id":"logical-modeling","level":1,"parentId":"data-modeling","pages":["relational-model","normalization","denormalization"],"tabIndex":1},"relational-model":{"id":"relational-model","level":2,"parentId":"logical-modeling","tabIndex":0},"normalization":{"id":"normalization","level":2,"parentId":"logical-modeling","pages":["first-normal-form","second-normal-form","third-normal-form","bcnf","fourth-normal-form","fifth-normal-form"],"tabIndex":1},"first-normal-form":{"id":"first-normal-form","level":3,"parentId":"normalization","tabIndex":0},"second-normal-form":{"id":"second-normal-form","level":3,"parentId":"normalization","tabIndex":1},"third-normal-form":{"id":"third-normal-form","level":3,"parentId":"normalization","tabIndex":2},"bcnf":{"id":"bcnf","level":3,"parentId":"normalization","tabIndex":3},"fourth-normal-form":{"id":"fourth-normal-form","level":3,"parentId":"normalization","tabIndex":4},"fifth-normal-form":{"id":"fifth-normal-form","level":3,"parentId":"normalization","tabIndex":5},"denormalization":{"id":"denormalization","level":2,"parentId":"logical-modeling","tabIndex":2},"physical-modeling":{"id":"physical-modeling","level":1,"parentId":"data-modeling","pages":["storage-design","index-design","partition-design"],"tabIndex":2},"storage-design":{"id":"storage-design","level":2,"parentId":"physical-modeling","tabIndex":0},"index-design":{"id":"index-design","level":2,"parentId":"physical-modeling","tabIndex":1},"partition-design":{"id":"partition-design","level":2,"parentId":"physical-modeling","tabIndex":2},"dimensional-modeling":{"id":"dimensional-modeling","level":1,"parentId":"data-modeling","pages":["star-schema","snowflake-schema","fact-tables","dimension-tables"],"tabIndex":3},"star-schema":{"id":"star-schema","level":2,"parentId":"dimensional-modeling","tabIndex":0},"snowflake-schema":{"id":"snowflake-schema","level":2,"parentId":"dimensional-modeling","tabIndex":1},"fact-tables":{"id":"fact-tables","level":2,"parentId":"dimensional-modeling","tabIndex":2},"dimension-tables":{"id":"dimension-tables","level":2,"parentId":"dimensional-modeling","tabIndex":3},"data-modeling-patterns":{"id":"data-modeling-patterns","level":1,"parentId":"data-modeling","pages":["inheritance-patterns","association-patterns","temporal-patterns","audit-patterns"],"tabIndex":4},"inheritance-patterns":{"id":"inheritance-patterns","level":2,"parentId":"data-modeling-patterns","tabIndex":0},"association-patterns":{"id":"association-patterns","level":2,"parentId":"data-modeling-patterns","tabIndex":1},"temporal-patterns":{"id":"temporal-patterns","level":2,"parentId":"data-modeling-patterns","tabIndex":2},"audit-patterns":{"id":"audit-patterns","level":2,"parentId":"data-modeling-patterns","tabIndex":3},"sql-fundamentals":{"id":"sql-fundamentals","level":0,"pages":["sql-ddl","sql-dml","sql-dcl","sql-tcl","advanced-sql","sql-optimization","sql-patterns"],"tabIndex":4},"sql-ddl":{"id":"sql-ddl","level":1,"parentId":"sql-fundamentals","pages":["create-statements","alter-statements","drop-statements","truncate-statements"],"tabIndex":0},"create-statements":{"id":"create-statements","level":2,"parentId":"sql-ddl","tabIndex":0},"alter-statements":{"id":"alter-statements","level":2,"parentId":"sql-ddl","tabIndex":1},"drop-statements":{"id":"drop-statements","level":2,"parentId":"sql-ddl","tabIndex":2},"truncate-statements":{"id":"truncate-statements","level":2,"parentId":"sql-ddl","tabIndex":3},"sql-dml":{"id":"sql-dml","level":1,"parentId":"sql-fundamentals","pages":["select-statements","insert-statements","update-statements","delete-statements","merge-statements"],"tabIndex":1},"select-statements":{"id":"select-statements","level":2,"parentId":"sql-dml","tabIndex":0},"insert-statements":{"id":"insert-statements","level":2,"parentId":"sql-dml","tabIndex":1},"update-statements":{"id":"update-statements","level":2,"parentId":"sql-dml","tabIndex":2},"delete-statements":{"id":"delete-statements","level":2,"parentId":"sql-dml","tabIndex":3},"merge-statements":{"id":"merge-statements","level":2,"parentId":"sql-dml","tabIndex":4},"sql-dcl":{"id":"sql-dcl","level":1,"parentId":"sql-fundamentals","pages":["grant-statements","revoke-statements","role-management"],"tabIndex":2},"grant-statements":{"id":"grant-statements","level":2,"parentId":"sql-dcl","tabIndex":0},"revoke-statements":{"id":"revoke-statements","level":2,"parentId":"sql-dcl","tabIndex":1},"role-management":{"id":"role-management","level":2,"parentId":"sql-dcl","tabIndex":2},"sql-tcl":{"id":"sql-tcl","level":1,"parentId":"sql-fundamentals","pages":["transaction-basics","commit-rollback","savepoint-management"],"tabIndex":3},"transaction-basics":{"id":"transaction-basics","level":2,"parentId":"sql-tcl","tabIndex":0},"commit-rollback":{"id":"commit-rollback","level":2,"parentId":"sql-tcl","tabIndex":1},"savepoint-management":{"id":"savepoint-management","level":2,"parentId":"sql-tcl","tabIndex":2},"advanced-sql":{"id":"advanced-sql","level":1,"parentId":"sql-fundamentals","pages":["joins-advanced","subqueries","window-functions","common-table-expressions","stored-procedures","triggers","views","indexes-sql"],"tabIndex":4},"joins-advanced":{"id":"joins-advanced","level":2,"parentId":"advanced-sql","tabIndex":0},"subqueries":{"id":"subqueries","level":2,"parentId":"advanced-sql","tabIndex":1},"window-functions":{"id":"window-functions","level":2,"parentId":"advanced-sql","tabIndex":2},"common-table-expressions":{"id":"common-table-expressions","level":2,"parentId":"advanced-sql","tabIndex":3},"stored-procedures":{"id":"stored-procedures","level":2,"parentId":"advanced-sql","tabIndex":4},"triggers":{"id":"triggers","level":2,"parentId":"advanced-sql","tabIndex":5},"views":{"id":"views","level":2,"parentId":"advanced-sql","tabIndex":6},"indexes-sql":{"id":"indexes-sql","level":2,"parentId":"advanced-sql","tabIndex":7},"sql-optimization":{"id":"sql-optimization","level":1,"parentId":"sql-fundamentals","pages":["query-planning","execution-plans","performance-tuning","index-optimization"],"tabIndex":5},"query-planning":{"id":"query-planning","level":2,"parentId":"sql-optimization","tabIndex":0},"execution-plans":{"id":"execution-plans","level":2,"parentId":"sql-optimization","tabIndex":1},"performance-tuning":{"id":"performance-tuning","level":2,"parentId":"sql-optimization","tabIndex":2},"index-optimization":{"id":"index-optimization","level":2,"parentId":"sql-optimization","tabIndex":3},"sql-patterns":{"id":"sql-patterns","level":1,"parentId":"sql-fundamentals","pages":["design-patterns","anti-patterns","best-practices"],"tabIndex":6},"design-patterns":{"id":"design-patterns","level":2,"parentId":"sql-patterns","tabIndex":0},"anti-patterns":{"id":"anti-patterns","level":2,"parentId":"sql-patterns","tabIndex":1},"best-practices":{"id":"best-practices","level":2,"parentId":"sql-patterns","tabIndex":2}}},"topLevelIds":["welcome","theoretical-foundations","data-architecture","data-modeling","sql-fundamentals"]}